ISI_value,Number_sites
0.163645,1.000000
0.464608,2.000000
0.479340,3.000000
0.544901,4.000000
0.544334,5.000000
