ISI_value,Subjects_per_site
0.215850,1.000000
0.492389,2.000000
0.468014,3.000000
0.608591,4.000000
0.474356,5.000000
