ISI_value,Subjects_per_site
0.142005,1.000000
0.365070,2.000000
0.537838,3.000000
0.560711,4.000000
0.546525,5.000000
